{
  "batch_size": 256,
  "latent_space_size": 512,
  "learning_rate": 0.00010941771707029577,
  "max_epochs": 4,
  "temperature": 0.02495018190649062,
  "weight_decay": 0.007224456723770816
}