{
  "batch_size": 128,
  "latent_space_size": 512,
  "learning_rate": 0.0015168748123051132,
  "max_epochs": 10,
  "temperature": 0.04045684867414659,
  "weight_decay": 0.0004375954362112268
}