{
  "learning_rate": 0.002119823912586241,
  "out_layer_1": 256,
  "out_layer_2": 32,
  "weight_decay": 0.08549699899050155
}