{
  "learning_rate": 0.0029455176869079202,
  "out_layer_1": 32,
  "out_layer_2": 4,
  "weight_decay": 0.18752063274251926
}