{
  "learning_rate": 0.03986409288411239,
  "out_layer_1": 32,
  "out_layer_2": 32,
  "weight_decay": 0.05392693669265322
}