{
  "batch_size": 64,
  "latent_space_size": 16,
  "learning_rate": 0.0002821031095744117,
  "max_epochs": 10,
  "temperature": 0.0018064410876173363,
  "weight_decay": 0.6133454688739345
}