{
  "batch_size": 64,
  "latent_space_size": 128,
  "learning_rate": 0.04812468592215492,
  "max_epochs": 1,
  "temperature": 0.30288826858556034,
  "weight_decay": 0.029408600223726385
}