{
  "learning_rate": 1.2193532468385908e-05,
  "out_layer_1": 256,
  "out_layer_2": 32,
  "weight_decay": 0.00018589846773682853
}