{
  "batch_size": 64,
  "latent_space_size": 16,
  "learning_rate": 0.0001839998644082552,
  "max_epochs": 4,
  "temperature": 0.05467336961820059,
  "weight_decay": 0.10881091612669996
}