{
  "batch_size": 128,
  "learning_rate": 0.09259923052027275,
  "out_layer_1": 32,
  "out_layer_2": 4,
  "weight_decay": 0.010494535223995119
}