{
  "learning_rate": 1.2339638041827615e-05,
  "out_layer_1": 256,
  "out_layer_2": 32,
  "weight_decay": 0.0007963556136229748
}