{
  "batch_size": 64,
  "latent_space_size": 512,
  "learning_rate": 0.0008668595112768473,
  "max_epochs": 1,
  "temperature": 0.010094774620235142,
  "weight_decay": 0.021750103668672784
}