{
  "learning_rate": 1.820577807509662e-05,
  "out_layer_1": 256,
  "out_layer_2": 32,
  "weight_decay": 0.0014532179880589959
}