{
  "learning_rate": 1.5864989905758824e-05,
  "out_layer_1": 256,
  "out_layer_2": 32,
  "weight_decay": 0.0001006028876041386
}