{
  "batch_size": 64,
  "latent_space_size": 128,
  "learning_rate": 0.0011135248306906613,
  "max_epochs": 10,
  "temperature": 0.44310071703657,
  "weight_decay": 0.8091259552050213
}