{
  "batch_size": 64,
  "latent_space_size": 512,
  "learning_rate": 0.0002957577119620821,
  "max_epochs": 10,
  "temperature": 0.049224377194075936,
  "weight_decay": 0.007464240195264441
}