{
  "batch_size": 64,
  "latent_space_size": 512,
  "learning_rate": 0.004815517319497942,
  "max_epochs": 10,
  "temperature": 0.10418459781738931,
  "weight_decay": 0.021223906253051848
}