{
  "learning_rate": 5.5193396286915336e-05,
  "out_layer_1": 32,
  "out_layer_2": 4,
  "weight_decay": 0.17489312937176502
}