{
  "batch_size": 64,
  "latent_space_size": 128,
  "learning_rate": 0.00013098026496577967,
  "max_epochs": 4,
  "temperature": 0.792727989954666,
  "weight_decay": 0.00022292925619109258
}