{
  "learning_rate": 0.001282502067847761,
  "out_layer_1": 32,
  "out_layer_2": 4,
  "weight_decay": 0.002940992270549033
}