{
  "learning_rate": 0.009622150400861411,
  "out_layer_1": 32,
  "out_layer_2": 32,
  "weight_decay": 0.07120098361522774
}