{
  "learning_rate": 1.4372859113284382e-05,
  "out_layer_1": 256,
  "out_layer_2": 32,
  "weight_decay": 0.09179872328400997
}