{
  "batch_size": 128,
  "learning_rate": 0.002369134874674695,
  "out_layer_1": 32,
  "out_layer_2": 4,
  "weight_decay": 0.006495358602386899
}