{
  "batch_size": 64,
  "latent_space_size": 16,
  "learning_rate": 8.277016538589695e-05,
  "max_epochs": 1,
  "temperature": 0.01074303895442171,
  "weight_decay": 0.2263608074649922
}