{
  "batch_size": 256,
  "latent_space_size": 128,
  "learning_rate": 0.0023272831244640006,
  "max_epochs": 4,
  "temperature": 0.00110076314513171,
  "weight_decay": 0.006993642858193075
}