{
  "batch_size": 64,
  "latent_space_size": 512,
  "learning_rate": 0.06014250759308469,
  "max_epochs": 4,
  "temperature": 0.10797221629567029,
  "weight_decay": 0.005710978766276411
}