{
  "batch_size": 256,
  "latent_space_size": 128,
  "learning_rate": 0.05602438911557495,
  "max_epochs": 4,
  "temperature": 0.001012129010686429,
  "weight_decay": 0.05507496448590991
}