{
  "learning_rate": 2.7245333851685945e-05,
  "out_layer_1": 32,
  "out_layer_2": 4,
  "weight_decay": 0.048747709955115785
}