{
  "learning_rate": 1.4533888560660275e-05,
  "out_layer_1": 256,
  "out_layer_2": 32,
  "weight_decay": 0.000308994421703759
}