{
  "learning_rate": 2.914991606285289e-05,
  "out_layer_1": 256,
  "out_layer_2": 32,
  "weight_decay": 0.0009915321628355003
}