{
  "batch_size": 32,
  "learning_rate": 0.012390491561743908,
  "out_layer_1": 256,
  "out_layer_2": 32,
  "weight_decay": 0.0015225710023323755
}