{
  "batch_size": 64,
  "latent_space_size": 16,
  "learning_rate": 0.07564380135877621,
  "max_epochs": 1,
  "temperature": 0.05714032190801482,
  "weight_decay": 0.7373143187358984
}