{
  "batch_size": 128,
  "learning_rate": 0.00035982531168123126,
  "out_layer_1": 32,
  "out_layer_2": 32,
  "weight_decay": 0.024485234528889368
}