{
  "batch_size": 256,
  "latent_space_size": 16,
  "learning_rate": 0.08478692197732812,
  "max_epochs": 10,
  "temperature": 0.9628094200010443,
  "weight_decay": 0.2552863422549277
}