{
  "batch_size": 64,
  "latent_space_size": 16,
  "learning_rate": 0.07418557680947734,
  "max_epochs": 4,
  "temperature": 0.05340475162046331,
  "weight_decay": 0.0024156262912874214
}