{
  "learning_rate": 0.011326199517872502,
  "out_layer_1": 256,
  "out_layer_2": 32,
  "weight_decay": 0.00024405640008248256
}