{
  "batch_size": 128,
  "latent_space_size": 16,
  "learning_rate": 1.1348844951645327e-05,
  "max_epochs": 10,
  "temperature": 0.001234176754411655,
  "weight_decay": 0.6789809475529774
}