{
  "batch_size": 32,
  "learning_rate": 0.005172317371132125,
  "out_layer_1": 256,
  "out_layer_2": 32,
  "weight_decay": 0.9423947925458135
}