{
  "batch_size": 64,
  "latent_space_size": 16,
  "learning_rate": 0.0016752690219061321,
  "max_epochs": 4,
  "temperature": 0.007471707851607753,
  "weight_decay": 0.0014692633104933293
}