{
  "batch_size": 64,
  "latent_space_size": 512,
  "learning_rate": 0.007847645217787946,
  "max_epochs": 10,
  "temperature": 0.06165547848095828,
  "weight_decay": 0.39964871122366746
}