{
  "learning_rate": 0.016221707452003,
  "out_layer_1": 32,
  "out_layer_2": 4,
  "weight_decay": 0.0037937019366045474
}