{
  "learning_rate": 0.023281479580370495,
  "out_layer_1": 256,
  "out_layer_2": 32,
  "weight_decay": 0.007749600289236076
}