{
  "batch_size": 128,
  "learning_rate": 0.0001808313595432822,
  "out_layer_1": 256,
  "out_layer_2": 4,
  "weight_decay": 0.00015990715414451
}