{
  "batch_size": 128,
  "learning_rate": 0.008732704810458597,
  "out_layer_1": 256,
  "out_layer_2": 32,
  "weight_decay": 0.04315712973586498
}