{
  "learning_rate": 0.0021928831960562932,
  "out_layer_1": 32,
  "out_layer_2": 32,
  "weight_decay": 0.0010218842722028833
}