{
  "learning_rate": 6.711917456309608e-05,
  "out_layer_1": 32,
  "out_layer_2": 4,
  "weight_decay": 0.1841568419247638
}