{
  "learning_rate": 0.09083851453172107,
  "out_layer_1": 32,
  "out_layer_2": 32,
  "weight_decay": 0.34761207285206935
}