{
  "learning_rate": 0.0035548716583588113,
  "out_layer_1": 256,
  "out_layer_2": 32,
  "weight_decay": 0.05171567355929704
}