{
  "batch_size": 64,
  "latent_space_size": 16,
  "learning_rate": 4.3859627244061664e-05,
  "max_epochs": 4,
  "temperature": 0.008913482631262208,
  "weight_decay": 0.16625880365820078
}